,resource_state,name,distance,moving_time,elapsed_time,total_elevation_gain,type,workout_type,id,external_id,upload_id,start_date,start_date_local,timezone,utc_offset,start_latlng,end_latlng,location_city,location_state,location_country,start_latitude,start_longitude,achievement_count,kudos_count,comment_count,athlete_count,photo_count,trainer,commute,manual,private,visibility,flagged,gear_id,from_accepted_tag,upload_id_str,average_speed,max_speed,has_heartrate,heartrate_opt_out,display_hide_heartrate_option,elev_high,elev_low,pr_count,total_photo_count,has_kudoed,athlete.id,athlete.resource_state,map.id,map.summary_polyline,map.resource_state
0,2,Morning Run,5960.4,1972,2058,40.7,Run,0.0,3818843412,D3182078-E877-4AE5-8824-6FA423787208-activity.fit,4083761641.0,2020-07-27T08:27:18Z,2020-07-27T09:27:18Z,(GMT+00:00) Europe/London,3600.0,"[51.593081, -1.792901]","[51.593788, -1.793333]",,,,51.593081,-1.792901,0,0,0,1,0,False,False,False,False,everyone,False,,False,4083761641,3.023,7.2,False,False,False,123.2,90.8,0,0,False,38178931,1,a3818843412,ww{yHtd}INZDQOK\H?KXa@JEHMA@?JFNCHLh@HTDVFJVNRl@DBLd@DHVVBTX`@DTBTH\NVNl@b@pARdABj@h@x@R`ANFHADBJ^DFH@VRF@HHJBNJD?JGHIP@HODAHBR@LELGZe@DALQXg@J[@U\sAZgB@UPe@Lm@N_A?[ZqANy@@g@Lc@Hi@^kAB[C{AIg@OwC@[Ls@CWMU?KGKKAReAFOL{@Vo@Ba@Pq@d@_B`@gBX{@DGL]DoAV{AT}CT_BCe@@UA]Hs@By@Pe@Tw@TkARo@p@aBTs@LUJGFWHEFMDM?SHUJKBSp@iATOBKDCLc@NYHEPYDOHK@KHSLKPYHe@@MGm@EoAFy@?iBFmACm@@WKqACiAK{A?[[iByAe@u@Bw@IaAC_@Kg@A}@GGJOf@KP_@LOOGg@IQy@m@UIk@c@E?g@a@YKOA]USEKIMAUIQSe@OWO[ESI_B]_@@]JQ@_@EKGEBARHr@WJa@b@WNs@|@]POBQHYF[ZGBY\M\OA?DUXG@[XuA|BQNc@r@e@n@{@p@MFOPWNq@v@WPa@JWRm@Jc@PMFk@f@S@gAb@m@PWPSb@ORCBG?STKROb@i@jAg@v@_@|@[h@Ej@@dBC\GZy@bAQt@Un@c@~@M`@{AtD[\_@PgAVKJCF^hBBTFdBAt@Ib@KZMTOd@[d@CLCd@Hr@@ZM~A[dA[~AG~A?bAC~AGr@OjAKNKHMNGvAIXARRhALhBAnACV@PFd@Nb@LHLIBBJBDF^FHFZ`@H\LFFLJFTn@`@v@NFNCTTDCFDPCNK\MTc@DCRDN?FANINOHUFENAJHXHVQTWZu@F]?SFY?WJQHe@HE@ILa@^}@H]@WPa@EOQkAFy@AYFIJCDBBFDTJbBDPDAPJz@t@Fj@FLPR\TFHFJV`At@t@h@Td@DJJNVL@@HDBDCDDPEZWLEXILHNEX[F?,2
1,2,Afternoon Run,5874.6,1912,2038,39.3,Run,0.0,3811478413,4F0B656C-1223-4506-8834-C7AE199E1D85-activity.fit,4075094426.0,2020-07-25T14:33:51Z,2020-07-25T15:33:51Z,(GMT+00:00) Europe/London,3600.0,"[51.593037, -1.792942]","[51.594278, -1.793389]",,,,51.593037,-1.792942,0,0,0,1,0,False,False,False,False,everyone,False,,False,4075094426,3.072,5.9,False,False,False,123.2,91.6,0,0,False,38178931,1,a3811478413,mw{yH|d}IB?J{ADILGLCBERCHR@b@Jl@FTV^Pt@TZf@\JBRVh@d@`@j@D\Bt@TfAJfBE~ABLGh@@JHFBLDCJSDQXBBHHFXG\m@RUJe@JSViAFsAHo@t@cBFUNeBj@}AZsAD[Gi@A]NgAH_AJWR_A@k@JWT}@F}@Vk@LS@g@PGPYf@qBF{@RaAJmAJq@PeBRk@V_BRk@HMBM@y@V_B@q@Lu@DoBPw@Ro@J{@X}@\g@Re@\m@T}@h@cAZ]E_@PDJCNM^k@PMbAyATe@b@q@N]Fe@BSCaA@gAC{C?eAIcDFg@Cm@BIG_BIs@IMQKa@EQIq@Q[CO@w@Im@KSA[?_AIG?KJQ`@[j@OAMMEIAWIMw@k@m@k@SIc@[}A{@[WI?KMa@SeBs@SOUKcAC{@Hs@@ILI`AWXGPOLQHIHSNa@d@IDKNKA_@BWX_@VIJG@S^UPWVUTYf@OJUXOJQ^MJ[j@UTGLEBi@p@_@RQR_@^ELKLoAr@}@TKFWJURe@Hk@b@_@N[P]HUPKJOZi@f@m@vAcA|A[\Sd@[j@ALBzAAd@ERa@jAY^eAvCa@|@a@pA]z@OXg@d@WJy@PSJKJ@TVjAHzA?fBMp@IRa@l@e@d@EHBn@HtADb@?h@g@`BIh@OhBEvB?d@MvAWnA]l@IVSfA@JCVAj@BHJJL|@HXAdAERCZBHDBHN@NFHVFPGd@ENVNHZFFEFANb@\n@FVHfAPn@\HLVDNFFLIRA\WFAFEJULKZKT@XGj@_@VYLIHCLFDADCFSB_@Ao@J}@?e@DM@e@RAFEJCTQR_@^WHOXeAAMe@_@K_@Gk@?a@DS?WEAA@HLHBh@r@JVBd@NNVHLLJDNj@Cp@`AHVEVRVf@Lr@L`@JNFPTP^JV^PPZWBB?F@AB@JOZD,2
2,2,Afternoon Run,4952.8,1608,1644,36.9,Run,0.0,3805291841,8299C2E4-CC62-41EE-8C8E-B329CC0C62B3-activity.fit,4067925876.0,2020-07-23T16:01:49Z,2020-07-23T17:01:49Z,(GMT+00:00) Europe/London,3600.0,"[51.593257, -1.793204]","[51.593384, -1.792985]",,,,51.593257,-1.793204,0,0,0,1,0,False,False,False,False,everyone,False,,False,4067925876,3.08,7.1,False,False,False,123.2,91.9,0,0,False,38178931,1,a3805291841,yx{yHpf}IBGl@FFEEKHM?CAAC@AGFYDCDMTQ@ECFB\HNJp@R^Rn@Nt@@PP|@LHR?JHRCLBDBFLFR@J?d@DXHTT\JBRLVTDHNl@Zt@Pj@ThABZf@YZe@Ra@TsATe@D_ALu@J[R}@dAiERyARu@Hm@DmBHu@DIXiBJe@TwARm@F[Xy@`AuDRa@BoARqA?iAP}BL{@AoA@[^gB`@{ABa@b@yCP}BHYFa@V{@@Y^q@TUPc@FIN]Ty@Vm@rAeB@MLMFUFEHSXYDMr@o@PYBKNGFGRm@DsACmAVaFAq@M_EKk@Cg@WwACEYY[MyAWUA_@D_@?m@CMC]Bk@MGDCL_@p@Ef@EBMAUIA]Sc@_@a@WS[]OM[MUW[MKG[G[OWEMMKCEGc@I]UYKm@Mi@TG?KCK@UTc@Lq@ZYFg@?k@RSRE?EHMDMNYLOFWCWTKFG?QFMJYt@[ZKFILc@\KPGFQVGDW^CNWd@uAhBMNYTG@e@`@OJg@f@k@RWPa@HQJk@RSNo@\GFw@Xa@VOBWNi@v@k@l@_@n@MFORq@~AW`@IT_@n@Ef@Bd@AtBCRg@bAEP@VDj@EZDpAPfAB^CrAD\BvACj@@XD|@RrA@ZFb@@ZDPAT@v@CTF`AFZVzBLz@@h@Fh@@^AzAH`@F|@n@tCL\NhB@|@FN@N`@r@TL@H?l@LVNHF@JIL@h@VPLTTFBXT|@bAX?|@F\Rh@d@\OXSZGn@c@d@UJ?@B,2
3,2,Morning Run,5974.5,1948,2077,42.9,Run,0.0,3794156007,30702F16-2E26-4FEE-8994-F6427456CC6B-activity.fit,4055492303.0,2020-07-21T08:09:28Z,2020-07-21T09:09:28Z,(GMT+00:00) Europe/London,3600.0,"[51.593164, -1.792963]","[51.593655, -1.793002]",,,,51.593164,-1.792963,0,0,0,1,0,False,False,False,False,everyone,False,,False,4055492303,3.067,7.5,False,False,False,123.2,91.9,0,0,False,38178931,1,a3794156007,gx{yH`e}I@Qz@ONM?KFMBDNh@BDLD@DBZf@x@DPn@jARRHPVTTZ\x@J|@Xp@H^j@lAN|@Ld@LzABND?TQNBDJ?NFXT\RRPJDCZ_@^MPMn@o@X_@T]\{@^eCAURo@TyA?SPw@RyCAg@Po@PgARc@Dg@C]I}ASmBDiA@uAE]O]KKMGCMHU\UVg@LEb@e@n@oAT}@^kDAkABs@h@gFFkCXcBZoANe@^sAFi@DOj@}Az@yAJWL}@JWLc@NY\_@Po@Xw@\]J_@VSh@_AROBSBaBC]DWF}@ByBCcAG}@EkAe@iFKs@K]GGKIkAMY?a@Ae@GK?QEi@?MCY?e@CKFc@hAATE?}@q@?OOYq@UgAu@_@a@[Sc@Mg@UWSKOkBk@SK{@OmAG[He@KWKAJFJBNOj@S`@a@X[XEJa@XKAWHUL}@TUZQ\GBKHOX[Jk@b@]j@UVAPEPQf@OXaAp@i@z@WVQT_@l@EJWPg@LgAj@a@F[Ra@LQJi@`@UHiAh@QB[Z[j@KFe@j@o@hBa@t@q@`AIRI`@Fj@?\A|@Ib@S\k@v@Yz@MRkAzCK^U^I\SZGXSPSLc@JU?]HIBCFFpAF^FPD\@xAAr@Mj@MZSZe@f@O^Ap@Jd@Dj@?`ACR[fAY|BCbABf@?pACrACPMb@INYb@Kp@IBAHEhA@VPfACbCMr@?LBLTLVFDCJ@HDFVLBn@fAPh@NRNVZz@JNVFXb@F@PCd@Q\SDAf@g@RIT?PGd@UVYX?VOTWVq@D[C_@DO@WCu@BELFLAf@UPWH[HOFEPEM_AQa@Bw@Ls@Bm@CF?TTz@^?DAF@N^?ZFLXDHEHKHARNd@PPJNFDB\t@T`@Z\VNb@j@\XN?PGNAZ?ZKZ@`@CTF,2
4,2,Morning Run,6134.6,1983,2086,42.7,Run,0.0,3783931464,EDBDB16B-4646-424E-B5EE-7C3CF07A2C70-activity.fit,4044129225.0,2020-07-19T08:14:38Z,2020-07-19T09:14:38Z,(GMT+00:00) Europe/London,3600.0,"[51.593137, -1.792867]","[51.593741, -1.792918]",,,,51.593137,-1.792867,1,0,0,1,0,False,False,False,False,everyone,False,,False,4044129225,3.094,9.8,False,False,False,123.2,91.9,1,0,False,38178931,1,a3783931464,ax{yHld}IISR[Ha@FCT?HITKLAJZb@ZHH\z@R\Vv@t@dAXj@X^\t@FXFn@VtAN`@ThAFRV|BJZFHHEDJD\LTTR^RNP@HHADE`@SDIVOFMXMLMV]Ti@Da@Je@N}AL{@AS^cBJo@@]ReAJiAH_@?i@b@}ARa@DQ@a@o@{GHwAKcAQ_@QYEI@GPYRMPSv@YJQJCDEPGF?HMFWD?BORETHNCD?BGF?JG?CJOL]RaADIA_@x@}Hj@gDN]Pm@`@cAb@m@v@y@d@_@RSRKHGHADELA?CVOLUFGH[CWPkADa@AMEM?u@I[@UJeANi@?ODMRU@w@MuAC{@QyA@uBC_A@oBMcBAw@QaBUoDSgBIUOOi@GsBMc@Ic@E}@@u@IE?KRWr@S@SHQ@AA@a@EOKM{@o@_Ak@e@c@]QeAg@EEWIQMWG_Ae@uAe@i@Ku@L_AFSA?HJb@AHKHGPOVg@d@GLWXK@MJQHm@Pk@\I?QLYh@}@z@Ub@QDST_@p@GX]b@S^]Zc@Xa@f@a@Vm@r@aAb@eAh@o@RYL_@^IFMBi@^i@Jk@R_@p@i@d@MN}@|Bk@|@IRa@h@Yf@GTBd@?jBEd@_@|@c@r@}@bCa@t@I\KLK^GFWx@MXMPKDWDOA_@LQ?IDIJAH?v@Df@Ld@Dn@?p@@f@C`@Kn@cAtAMTCR?h@Nz@Bf@Al@s@dDGb@CfAGXCd@?vAEz@Qz@MZQRGPG\C^GLEV@NGRE^@PPn@@b@TnB?THTL@LFVFX?THD?FJPNDHLj@@XJV@BTEPHJh@@XFNn@^PVD@VATBh@KPKBIVYNKFOFDXAr@[TUTM`@TFI@IBm@Da@Ag@BMAw@Bg@DGJBb@Mn@q@V_@BI?IKq@KOM_@Du@?iBT|@Db@BLFJLBJALNZz@?NLCBBF?JELDTET@LFPPR`@Jd@RfAh@HNPd@t@dCYNMJ@l@Q,2
5,2,Morning Run,5849.9,1961,2079,41.1,Run,0.0,3769717664,BA1AADA1-C53A-4228-B013-01D3D46E215B-activity.fit,4028130066.0,2020-07-16T08:09:38Z,2020-07-16T09:09:38Z,(GMT+00:00) Europe/London,3600.0,"[51.593008, -1.792826]","[51.593574, -1.792997]",,,,51.593008,-1.792826,0,0,0,1,0,False,False,False,False,everyone,False,,False,4028130066,2.983,13.6,False,False,False,123.2,91.6,0,0,False,38178931,1,a3769717664,gw{yHdd}IA@nBvAXZNCHGN?HILEVZH^Tl@Hh@@f@DHAJN`ADnB\j@B?JGB?DJAH@JLTN?HBNFJHJ@TIjAb@j@GFCN\\SJP`@SJFLKNWNg@FDTu@FELYDEB@D{@@CFYXiA@Sp@aDBUj@aBNu@MuBc@gDAYAYRgBBs@GSIEKSE[?GRg@VUTW^{@Ji@FIHYPy@t@}ADYHQNk@Lg@L}@DmAHq@RcAEiADWXs@\gAXiAReAL]Nu@Vy@\y@ZsARc@@c@HOf@uBNWRWBCFBNC\KDIZY@Ed@e@JOBI@U?i@ImCOmADuGGgBMmBQ{AE}@OaAGUIAIIYOa@E[GoA?s@Gk@Be@Ma@GWLIZS^G@U?SI?WKSwAkAYQYISM}@a@IK]QGIOB{@k@g@UiAK_@MWAW?ICy@D[Aa@GIBELDHAFKr@KTOJMh@_@V[ZU@WLUBSTMB]PSXENSZMN{@n@ELYVEJKFMPM\MNOZ{@z@k@x@s@n@_@d@QHQDoBfAe@D_@To@d@}Ap@c@JQH]p@[ZUZc@|@i@nAs@jAWh@GDERBx@EzBUj@a@h@_@hAa@x@_@hAQZc@hAu@nAg@\s@N_@RGNNr@Bd@Jf@Dz@AnAMj@M\o@r@INKf@ANJt@FbAGhAEb@g@fBMl@?bBE`A@^Ez@MfAUbAUh@M^AN@t@C|AFZ@RNTDP?JEFCN@d@Ab@HVTRp@?PJRX^~@@f@\RDFHNJ\HHJV^PLVHDF@PE^Up@u@@IPBXGZOh@a@h@@FCRSLQVs@NcAFaBFENEJOROHMPON]LQEo@QS?c@Fk@J_@Ba@PKFRX`@Jh@NLDHF@TPLT@X?\HRJBVCRFLPLHX^n@jAl@d@l@Nl@j@D@^Ix@YT?LGJMD?HILE,2
6,2,Morning Run,6027.7,2004,2215,42.3,Run,0.0,3754905675,18DDF707-4D2D-4AB3-B6AE-AD6332333A69-activity.fit,4011584823.0,2020-07-13T08:06:19Z,2020-07-13T09:06:19Z,(GMT+00:00) Europe/London,3600.0,"[51.593131, -1.792962]","[51.593624, -1.792998]",,,,51.593131,-1.792962,0,0,0,1,0,False,False,False,False,everyone,False,,False,4011584823,3.008,6.9,False,False,False,123.9,91.9,0,0,False,38178931,1,a3754905675,ax{yH`e}I?MDe@C?EJF@?@FDHTNHJABILCDULD\^R`@LNl@lARj@TPb@l@|@`AJ\Zd@N^XZHTr@xCPzA@NELHADV^d@Vd@`@TFJDALSHCNa@FA@GFEBQHUD?Lg@FGJ[LWBKDcAf@gD@]Pi@TqABe@Le@VyBBa@TcAp@aCCWIUCSWmDHmBEm@Gc@SYSQCI?MNm@Ga@BGFINGDGb@oATa@H]Hs@P{@LeARaAV_CL_@Hg@Bk@CsAH}CZiAViAX}@Zy@NWJ]\s@PUVe@DQFc@^{@B[AuACE@OHGH]JUPUt@kAPMDG^}Al@s@L]Zg@PcERwA@qBOyDW}BMSIIGC}@@kAMqBKcAQsA]G@MDWTUXG@ICAGIAAUB[IQ}@i@i@UYUy@OSK[GE@UOy@QKG[Gs@Uc@@i@H}@Bc@?KEW@OCWDSFOHM@eAl@WBk@b@o@\gAfAcAdBIDQTaApByB|CGNAR@^D\AHECS\y@ZWBq@Vc@ZYLg@d@YNgAd@a@LULo@hAo@l@gAnCuAxBGX?hBG~@GNe@b@]r@Ob@?FKZ_AxBIh@Ud@?JWr@i@h@I@s@Xg@FGLAHBR?NH\Fp@@f@ApBG`@IZWb@c@f@MTCH@x@T`B?Pe@hBOr@IjAKfEKzAWhAO^MROD?DQHHBDR?XCVFx@An@F\@TFr@E`@?t@Hd@JHXJTYDA@HFF@FZNZZFRLJFPP~ALh@Rb@j@`@R`@N?b@QROh@u@NET@nA}@PB`@JPEPOHKHUJa@Jw@Ae@BG@@FG@EKy@@A@BFAJCp@c@NUBKDe@?e@Lg@@QMa@AUGGA@AACGCk@F_@BEDCDe@B@BL@XXn@PdADBH@JTRHb@\Bh@\DBBREN?^PtAhCRRh@\^ZBHHA|@c@fASN?FGNG,2
7,2,Morning Run,5076.0,1540,1594,36.4,Run,0.0,3740102672,7726172E-4A22-4AD2-BEFD-037C58F29218-activity.fit,3994954617.0,2020-07-10T08:24:52Z,2020-07-10T09:24:52Z,(GMT+00:00) Europe/London,3600.0,"[51.593122, -1.79278]","[51.593504, -1.793346]",,,,51.593122,-1.79278,1,0,0,1,0,False,False,False,False,everyone,False,,False,3994954617,3.296,6.6,False,False,False,123.9,90.9,0,0,False,38178931,1,a3740102672,_x{yHzc}IDURIFG?WFSFCDHD@DCPp@XpBFFX`A^x@h@`AV\FBPXNl@\~@\f@Xj@VjAL^V`@Vv@P\@QHBNJBHDj@HVp@lAPLj@e@V]NMR_@h@uAJYDUbAsCDw@V_BP_Bb@sBJuA?o@Lu@NO@WHg@Gs@GwAEa@GUKiACIFqCCg@IOEC@MDQHQTUj@wA\g@NQBI?c@BMPg@X_CBw@Lm@VmBFw@DMJo@@OAaADg@Aa@Li@@WPkAl@eB`@eBHINi@Pc@TYVg@F_@p@gBBSNULKPg@@GAUDEDWf@s@J[DEH[R]PQF@JCf@i@?a@@_@GkCDgA?gAFqCAe@[uDOoAMu@My@GYIMIEm@Gg@AkAGo@Bc@GS@YGY@MDUn@UZCFGBOCKGUe@_@k@_A_AWIq@e@_A_@m@a@I@OCo@a@k@Wu@Qq@WiAA_@BoB`@SNGAkAT_@P_@Jk@Xs@j@mAhA]d@o@|A[~@o@lAc@j@y@z@[l@GBG\Fb@?JEFECcAx@a@J}@\e@d@SB_@XUDq@^SF]FULi@dAOJQRa@rAGBUh@aAzAa@z@IZ@tAKnA[pAKH@jACd@LhDRnA?TGf@BLBrAF`@Bd@P`@DXBd@E`AJv@Fx@Bj@D\DvBPx@LnADRB^Cf@BTThBR|@@JJXDRXzBNx@Vl@F\@f@FXBJFBR@ZXDR?NHPZRRBPHPBX`@ZZPb@FBNZPLf@h@h@Xt@p@RDHANINJtAWL[,2
8,2,Morning Run,5003.5,1629,1691,36.3,Run,0.0,3730679131,C59997DC-5B1E-4BF4-BFD6-D8DC1719CDB7-activity.fit,3984624598.0,2020-07-08T08:27:40Z,2020-07-08T09:27:40Z,(GMT+00:00) Europe/London,3600.0,"[51.59312, -1.792928]","[51.593513, -1.79325]",,,,51.59312,-1.792928,0,0,0,1,0,False,False,False,False,everyone,False,,False,3984624598,3.072,6.1,False,False,False,123.2,91.9,0,0,False,38178931,1,a3730679131,_x{yHxd}IbAgA?HNARTNCPDJJXr@ZVARv@n@Z`@@RHXf@n@Zn@Hh@l@~AN|@`@xAHtBHn@RCDB^l@Xb@FBZIp@i@PU\Wf@aAd@mBX_A@UZuAN}@@g@Lk@Jy@N{AA]Nq@f@_BB[SsDYuBHeA@a@CWOQQMCKBKbAmAd@{@J_@d@{B\_DB}@VyARq@@SCuBb@oDj@{BTo@Rq@b@{B~@qCVsAJUXsA@UJSLIl@o@P_@AIBSRMXc@FMf@g@LWNSL_@@I?eAEoAJeD?cCUaGGo@WkBGQIIKEUBg@Kc@Ca@@_@Gc@@SDk@KU?[EWAGH[bAKb@EBIAa@o@CWGOKMUQg@WWUi@[q@c@g@Sa@WWCG?WU]Su@Qe@SSCo@YWG[?w@Hq@NCF?J@f@ARITUXUHUV[V]LIJa@F_@b@[NSTKFINc@ZKPOJm@r@ULQb@MPCHILOPKXUZ_@XY`@o@^m@h@E?SVaA`@a@Ru@b@QTu@VURYH]XMDk@FQHaAxAc@f@I^[n@e@r@S^OPYl@W`@ITFzAAxAOf@U\E\Ah@Jv@F~BHp@F`AAfAFl@@|@Z`BRl@DrAL|@Ir@Bf@EXLh@P`BTdBA`AJjAFZHrCJj@?PN`@@TDTDr@F\HtADDFVFDv@j@\t@JDLAPFd@ETPTFv@r@Td@NNLHx@p@XPFHr@p@h@EX@f@ATU,2
9,2,Morning Run,5871.8,1917,2070,40.0,Run,0.0,3711062775,8D11C3C8-CFA3-443F-B968-0A6CD302B269-activity.fit,3963204712.0,2020-07-04T09:44:56Z,2020-07-04T10:44:56Z,(GMT+00:00) Europe/London,3600.0,"[51.593163, -1.793035]","[51.593689, -1.793347]",,,,51.593163,-1.793035,0,0,0,1,0,False,False,False,False,everyone,False,,False,3963204712,3.063,6.0,False,False,False,123.9,91.9,0,0,False,38178931,1,a3711062775,gx{yHne}I@AC]@KFFHAFFJFF?JMBATPDACQFBDGHAFLF@C??FJXv@`@LLXNBHBA@\D@DJF\Z~@HTd@p@JVHbAFTj@nAXbAJVD@FCDHL`A?r@BRDPPLLTJtABJl@|@DAVa@r@u@l@}@Pi@T_@`@_A@S\cBHmA@m@^cCDUBaA\uBBq@h@}ANm@BO?i@U_D?kAHaAAq@E_@q@e@A[L_AFw@JO@KJMJWHIJWLUDWP[JeANw@NmAHiBTiC^}BRoBNy@Jw@^mAl@}AZiAb@{@HYd@o@~@{B`BmCPk@T[X{@PQN_@Z[DMDY?yAHeBBqA@sAAoAEQUwCUqBGY[]qB_AmA[sACeAMKDKJU`@EPEBIA]QKWg@_@Wg@MQUIs@i@u@]}@[KAQIIIQEoAi@a@E_@QeAWSAw@Dc@K_@AK@MHWFY?WC[BIFc@NEFMDSVg@XwAnAc@j@Yb@]p@{@vBSZW^QLg@j@k@x@QPCR?`@Fd@AZCHa@NKHm@LWPk@LuA`Ae@JYN[LYPu@RIJc@x@OJQZMj@Yh@y@lA[l@UPGNETBpAAlAGZ]x@MBCDc@lAOn@A?U`@C?AJOd@QZg@lAIJCNC@E^Sf@e@^MHG?]VE@WAOFCFB\?TPzB@|AS~@Wf@a@j@[l@J`@JhA?n@UrAM^G^SfBCl@Dp@CdASzBSlAg@x@El@GP@BCLHv@DPJ~ACrBET?JXVj@RHANNPb@FF@?D@P`@NJJLf@`BRZFCRJXj@LFPKP@ZQREJIHCLSLI^G^SJAPIf@]H@JDPAHMLgABeAGcADWRWBBPMh@YPSXKFI@KCUUg@AU@]DOFG@IFiAHHJVFb@Np@PR\RF?FJXzAL?DHNFLMJOJCn@RLLj@~@Vj@j@J\Ld@f@DF?NDDHANKRAF@P?NEDDH?DAJ],2
10,2,Morning Run,5939.2,1923,2029,42.3,Run,0.0,3701627295,5EF5553E-AF09-4AA7-BC84-AD7780747D67-activity.fit,3952986919.0,2020-07-02T08:35:06Z,2020-07-02T09:35:06Z,(GMT+00:00) Europe/London,3600.0,"[51.593217, -1.792966]","[51.593806, -1.793015]",,,,51.593217,-1.792966,1,0,0,1,0,False,False,False,False,everyone,False,,False,3952986919,3.089,6.5,False,False,False,123.9,91.9,1,0,False,38178931,1,a3701627295,qx{yH`e}IDBFEA?PTDCEa@JJFTIMGA@FF?Xa@FC@a@FDPPLv@L`@FLTPh@l@h@\RVz@l@r@|@Lp@Pj@`@`CRx@Hn@H^RhAFDHLHXHLb@\Tb@FAVSXc@dAqAXc@X{@Tg@VaALMDKFi@p@gDr@aG`@{BIoCQwBFu@Eg@AqAK[WQEU@MHm@FOHOZ}@`@{@B_APo@LaAVaA`@sBv@_Dd@}CEo@Jk@Bo@f@oBAOJe@~@yCf@cANu@Vi@NcATg@f@s@BYf@kANSBQLk@HCFGDQJO^{@RWBIFSLcB?s@Dw@BmA@kBAo@IuBIeAQgBKo@IUmAc@KGo@QcBGK@s@I]?c@CGDm@nAQB_@UBSe@k@OKY_@s@a@g@a@_AYk@[WESQQCw@_@mAWYCKGWCU@e@E_@Oe@G]?GBKAUD]Bg@HmAd@EF[LSNcB~AMXy@dAW^a@lAYf@c@fAu@`AKFe@j@Gb@?|@KVQTm@PSBg@V_@Je@XSP[JKFw@l@cA^c@d@]d@[RS\I^_@v@wAtBWn@KZCR?b@Cb@@`AA^INSPGJ_@|@OVe@|AQ\G`@_@`@Kb@OZ[dASVSDSNW@OHSBWFKHAFFZDp@Jn@H~CMXKb@MXm@l@MRIZBl@NpBA`Ac@fBM~@MhECt@OvAKd@_@n@Gv@CHBl@Eb@@VF^ANJ\Bd@BR?d@Hn@L`@VZHNZ@A@D@TTVMTLHLHDHNJr@f@jBHF\LL\DBXK\_@TMV_@T?ZGf@UVWFC^DFEb@a@Ja@Lq@Dq@?cAD_@BCPBf@[b@MBEBMNe@HACk@QMIOIQC]?g@Fa@Ae@BEJFVb@TdADHHFD@HCHBTXJDT\D@T\NHTV`BzCFD|@TFDX\BJCD@@DALQVOXIJM?@DAH@\QZG,2
11,2,Morning Run,5998.6,1897,2021,41.7,Run,0.0,3691676334,14330321-DD96-40CD-8A64-4E5CF6BC9425-activity.fit,3942102895.0,2020-06-30T08:13:39Z,2020-06-30T09:13:39Z,(GMT+00:00) Europe/London,3600.0,"[51.593132, -1.792973]","[51.593471, -1.793047]",,,,51.593132,-1.792973,0,0,0,1,0,False,False,False,False,everyone,False,,False,3942102895,3.162,11.1,False,False,False,123.9,90.9,0,0,False,38178931,1,a3691676334,ax{yHbe}IAEt@}AB@?NGh@Fd@JRb@j@hAR\d@\p@x@lAX`Ah@r@V~@Nv@H`CDVHVEb@@V@@FE@@F^BDZJZTN`@@HJ@JCLUJILWNQZs@TE^w@HEHOPa@HGPs@Re@Hi@FG@a@FOXiATyALi@VyAJiAZw@Vw@Du@AgBO}BF{ALs@?WIa@MSOa@?G@YJw@N_A^iARiBCWFcBL}@V_C\sBL[Jc@^gCJYR{Ab@iBZ}@JQFWlAyCPYB{@Jg@P_@Jg@NUDCJ?TOh@o@Rg@Ra@Vs@LO\iAPQNYRq@Lk@Aa@PiC?sCK}COeAOgCG_@SYUKeCc@g@Ce@Fk@GUGaAGG?CDUf@_@l@OGO?CACIBYEMQYi@]qB_BYIg@Ga@Ka@[EBGEiAa@k@_@u@G[I}@Bi@DMAID]GGHEr@KAQSMCSAODW@c@Rw@T_BdA]JQNOT_@ZIL_DdHoAxAU`@Id@GdAQZIHcALEBO?OFq@Pw@j@}Br@UP_@l@g@f@QZOb@MF[f@{ArCKXMh@@dAIlBeA|BIVIf@OJW`@m@zAS`@g@xAW^c@Le@DODOHKNB^Nh@BZ@hAInBGf@Of@cAvAIRAJLd@PdA?PEb@g@pBOz@Gv@EbAAjAOnCUfA_@~@GhABDEJA`@Bd@DHFj@Pb@AJKPBLJ\N`AXj@?JNETPHJHFPAPDJED@X^PHBJ?VDn@Hd@Nb@f@TZh@N?z@k@T_@TSXAFDNAXUZ_@h@MFBJAPWNYZ_B@Q?c@He@DGHALILe@NYLa@HQ@a@FS@SMa@G]EkBFIDADBHPFf@NZPx@RD`@TZ^BBDVJXB@@HFD`@LTPPd@HFd@vANFVb@XXN@HHNHJAHDD?v@a@p@KFCT?XCl@g@@E,2
12,2,Morning Run,5937.2,1930,2020,42.1,Run,0.0,3676830912,3AEC6EBF-45B5-4A51-BCED-4FC7535D440E-activity.fit,3925900780.0,2020-06-27T07:04:53Z,2020-06-27T08:04:53Z,(GMT+00:00) Europe/London,3600.0,"[51.593113, -1.793336]","[51.593584, -1.793341]",,,,51.593113,-1.793336,0,0,0,1,0,False,False,False,False,everyone,False,,False,3925900780,3.076,7.8,False,False,False,123.2,91.9,0,0,False,38178931,1,a3676830912,}w{yHjg}I@??FDPLBBCTCTg@B?BF@^BBDD\GD?^f@LAh@YF@Lp@Hp@HXGZC~AHl@JVHBN`@Ll@LrCDZBFHBBJL?b@l@PDJ?PIZ_@HCR@FCNg@NM^y@b@eBFa@TaAHWNYXkAL{@Bg@Ha@?_@Be@TiAB]L{@D_Al@aEPkBDMLi@JUNs@r@aB^iAXuBBe@N{@@]ZyARwC^{BFw@Ng@p@}DJ{@XuA\sAPe@Lw@Pm@V[To@\m@Pe@^u@Rw@@CCB?C@ITQh@cA^YRa@LM`@k@\w@NSBOE_AGe@?}@GUDi@FiBHkA@WGqABSASEa@GsAWoBG_AI_@QKOAoBC[EO@YCS@uBKQLIXWTOVSFI?GIEYa@u@]c@a@Yu@_@SOq@UQKWUKQa@Am@Y}@YSCmA][EW@QJOD_AMCBGFEV?^CLYn@]XE@EF]Ta@Pk@LIHU@GAa@\[z@MH[Z]XOFKTc@`@MPGTCZOVIVs@b@SPMH[d@q@d@KNIVML_@LUNMBm@\cAZa@VORSD[L[NKHQ?]PUDMN]h@YZ]VIJGVw@zAg@dA[d@[v@E^?`@Jj@Bx@AFO`@q@v@GXUh@_@z@_@n@Up@OVIZSb@]`AY\]RaAPGBKRDj@F^JnBAbAMb@B^E^KZKNg@f@K\@z@Lx@Dz@Mx@a@hAEREx@ExAS`BB~@Gp@Mp@a@t@Gl@GBK`A@n@TdAFd@?d@Mp@?RRr@BRJH\LPA@@BCD?TPNXJJJDHENJp@`Bd@|ANND@F?B@HTFD`@KH@l@WJMD?@GPQJGXENGXC\Uh@g@LFN@HICUBQF_BIoA@]FEb@LLI\}ANYBSEw@MYG_@C{@F]@o@DBHb@Nd@L`ALh@JLR?XTJPJZLJ^`@`@ND?LIJARHPd@Lh@Pj@JRZLf@Lf@Z\Zf@@HCN?ZNn@HHCXi@BM,2
13,2,Morning Run,4994.7,1606,1665,35.6,Run,0.0,3667978114,78C3C9A4-B821-42B2-A16F-5F05202DC0CE-activity.fit,3916207650.0,2020-06-25T07:58:31Z,2020-06-25T08:58:31Z,(GMT+00:00) Europe/London,3600.0,"[51.593127, -1.793011]","[51.593711, -1.793345]",,,,51.593127,-1.793011,0,0,0,1,0,False,False,False,False,everyone,False,,False,3916207650,3.11,8.9,False,False,False,123.2,91.9,0,0,False,38178931,1,a3667978114,_x{yHje}I~@GPIHAHGF@HLDTTJDPJPVv@PVFNBVBDHDFCVNNDTPFFNf@Xf@j@|A^`CR~BJVTXDV?b@DVLPDPPQBGJIFMJELWVJN@LAVIPId@_@T]^gAPsANu@Fu@Pm@T{ABa@Ly@XeDZ}@N[\}@@[K{@SaAIoABkAGk@BiBQQa@UASFU`@e@XGVQHKL]Ho@FKDk@CwC@oAJaAVmBRiDd@qDr@yCd@}@`@}AZu@l@gATq@h@mAPM?c@Vw@DEH?LKXu@JMNa@FUXYXo@RUd@kAAKFq@@c@AQ@{@J}AAw@?iDO}Dc@cDIOYSy@CQEQCk@?aBGO@aAIG@OXI^ILGDQCEAGOg@c@]a@o@_@KK}@_@g@YeA[OIQEo@o@OIa@GSG]Qm@g@UIY?EB_@Du@@CBKLELC@Ib@S`@Y|@KHOHKLe@`@YFSHYDm@XSRKTIXIFQBOJSHIJWR]Lc@n@It@[x@Q\Y^a@V_@NOPg@`@Yf@E@[@cAf@m@No@^STYF}@h@M?ODw@\}@xA_@Zm@pAgBtCUd@EPIr@Fn@BfAGZa@`@EHG^?TJP@NAn@Bp@Hz@Nj@@T@n@CXBd@AfBEDENHd@AP@hBBDNt@N|AL\J~@HpA?pABXPhABv@Fx@@vAf@hCPn@HRTRNRf@dAL^Hh@Ld@NVLLJXl@|BJEFHZ?NJLHFLXPr@~@JHZd@PBRCf@\HHHJFRVMZIN@RH@C?@DG?BBADM,2
14,2,Morning Run,5010.3,1574,1592,37.2,Run,0.0,3641811644,3FD909D8-92A3-4F70-93AB-F1EBBAA20159-activity.fit,3887900796.0,2020-06-20T08:32:10Z,2020-06-20T09:32:10Z,(GMT+00:00) Europe/London,3600.0,"[51.593333, -1.792964]","[51.594081, -1.793136]",,,,51.593333,-1.792964,1,0,0,1,0,False,False,False,False,everyone,False,,False,3887900796,3.183,7.4,False,False,False,123.2,90.8,1,0,False,38178931,1,a3641811644,iy{yH`e}IYLE@?EVa@DEA??@BAFB`@Sh@i@PF`@ZFL\l@JXbAhBDVZf@Zp@Nf@d@dALbABl@DZR`@L~@XbANZHXDFHGB?DRJN@JDDJGFRLT@FPKHQLAV]Pe@FGZu@@CD?@GHU`@]Nc@FG\gABGPIHIN{@b@oA^yAj@qDLg@Hi@N_@D]CeA@s@M_BKo@AeCB_@Ga@ESKKEU?EBORc@Hq@HUT[d@{@?CKK?SDe@T_BXa@BQLMFWPQ\sB^mBn@wD~@uDBc@p@{BHg@LaAPs@Dc@XgBCk@No@HQJIFYPg@`@[JK\gAJMJE^i@Rc@F[JqB?c@TiEB}@AgCAg@E]Ai@Eg@EMI{@C}@MSc@Y[KSCKG]EO@a@EG@OGoB@i@KOJQXWZAZEHKGSQKm@EA[[SM]]QM[Ik@_@u@[_@YOGKIMCC@MEKQSKWG[Qs@Mw@Uy@Cg@JG?_@BUGKPOz@Qd@cBxASHe@HUJWV_@ZWXMDu@j@y@fACV]h@cAlBe@d@IBUR_@`@WRUH]b@w@R[X]Lc@JKJODa@\]PO@]P_AXED[r@}@x@a@~@c@r@WX]n@k@v@Wr@AXFl@AjBMb@_@d@I^AR@~@IjAL~@Br@Pd@APBx@Ep@BjAArALr@@`@DTb@pIJp@j@~BHf@Bf@DlC^tAJXBTHZZ`@R^Nj@JRXnAHDV@XRPr@Jn@Bj@DLRNJDFAHFP^T|@\v@RRJDr@l@Z\H?`@Qd@KJu@Hc@,2
15,2,Morning Run,5044.2,1591,1663,35.6,Run,0.0,3627678485,F58B51DC-141F-4B48-B84D-D8B42EBB7304-activity.fit,3872728790.0,2020-06-17T08:16:18Z,2020-06-17T09:16:18Z,(GMT+00:00) Europe/London,3600.0,"[51.592924, -1.792892]","[51.594026, -1.793368]",,,,51.592924,-1.792892,0,0,0,1,0,False,False,False,False,everyone,False,,False,3872728790,3.17,7.3,False,False,False,123.9,91.9,0,0,False,38178931,1,a3627678485,wv{yHrd}IB?@CRaC?MNdAD??BAPb@dB`@p@d@ZPb@`@\d@r@JHFBn@n@NVD\H\d@v@Jh@Jv@DdAHn@DbAPT@CFCDVJVZXb@r@HCHFJ?NGp@_AXW`@{@J]Hq@L_@^uBNyAd@gCJoAZkB@_@CMh@gBRa@DO@IGe@W}A?_@ESEgAEMCaBH_AGWKIAETuBVuANkANe@F_@@sAHqBZuBFeALo@\sDj@{CHa@dAeD`ByCVu@t@sAH_@`@a@?E@FDDFc@TUd@m@NYHYbB{BJWFsB?QLmCG}BBw@Cq@?o@[oD_@_CMKUGsBWw@EU@YCaACg@KIDKLWdAKJOAUQ?KGMEYKO_@Ye@i@WQMEi@a@_AUe@WGMEDMAs@a@k@U}@Go@Qk@KM?WFc@Dy@IE@GJAl@KVETQ^SLSDa@b@IBMJ_@JEAa@BIFCCC@S\WLQVQLGP[ZIPMJQVERA]BQAKACSEIII?ONYn@u@rAa@\Yd@YXMFUVG\@l@Qn@MPoA\[BKFK@SLi@n@YLURWJYNcA\c@r@k@`@IL]v@QVO`@y@tAKVe@j@GLI`@Dr@EtBMf@Y`@IDI\?RHP@L@fBR|@Bx@Fl@ATENBVAr@@d@CJ@f@f@nAD`@?f@Xv@@l@ApADlAPlBBdAJv@KtEDr@^zANf@BBD?FFVf@`AvCJP|@^^f@Rd@T`@b@^^NDDDVDPBTNTRb@b@^^PTPVf@HHLBHNDAJIFUDGD?NK,2
16,2,Morning Run,5012.1,1644,1737,37.4,Run,0.0,3611394687,B8AFCA13-83EF-49BB-916E-6FF9AE7D3E03-activity.fit,3855372960.0,2020-06-14T07:19:42Z,2020-06-14T08:19:42Z,(GMT+00:00) Europe/London,3600.0,"[51.593167, -1.792905]","[51.593568, -1.793258]",,,,51.593167,-1.792905,0,0,0,1,0,False,False,False,False,everyone,False,,False,3855372960,3.049,7.6,False,False,False,123.2,90.8,0,0,False,38178931,1,a3611394687,gx{yHtd}I@CHDBAPj@DETo@BB?G@@BA@GHKJDRfA`@z@LDNVBP@b@E\DJLLDFFTPNH`@@t@DPJVT^Rl@PHBAJHJATbBLNPJ\r@DJJl@ADBEN\NNf@Tf@x@F@XMLIdAgAXQv@kBLgATcADa@HODi@AQBMLSPeADw@TsALwA@u@l@mBP[DYK{BUqACc@GO@w@LoA?IAMUq@Cu@H]HML]DSRc@T_AF]BwALq@Ce@Po@HcARiA@i@F_@Xk@d@cBf@mCFi@Dm@J]De@BIDCJ]H_@Rq@Ny@Ty@JOVm@Xc@l@uALe@?YFUNMVi@DONY^]Na@V]PMDQx@eBFc@G}BDk@BmAEoAB{@C_Ae@iGWgBCGEEOEe@AeA@}@E[@WEg@AcAKGDAJOXIVMJOASICUKUy@k@WI[[MIMC{@k@m@Yc@US@e@Yk@Ua@YSEWKMAYQIAw@@YDYASEWAGDEbAWj@KNc@TKR_@Zi@TWFI?GFI?MLODMNULUh@m@f@SHOJY\Sb@ILQf@IHGPS`@_@Zm@b@a@j@_At@U^a@N[Ra@NSLe@Ng@ZMBYNQBWRo@ZULg@LWb@SROTQNMPMb@GFS`@SRYv@ONSd@m@hACH?r@C^@rAKXg@l@I`@C`@H|@AlCHdABdAFPDf@@l@AfB@j@Fj@@~ADZDbAJv@@\RjADx@Ax@ZtAHLDZDpCLp@LjAVnAJ\Dn@H|@Lf@Fl@BHHHXDTJb@\NRDNBVPRBBHCf@NhAHNXF^Vv@x@t@^p@@FZBNDfAHPGF?PKJALQJENY,2
17,2,Morning Run,5009.7,1765,1765,35.5,Run,0.0,3596677770,2B240FDD-8964-4523-821E-7F547CC762A7-activity.fit,3839731437.0,2020-06-11T08:28:50Z,2020-06-11T09:28:50Z,(GMT+00:00) Europe/London,3600.0,"[51.593325, -1.793069]","[51.593884, -1.793547]",,,,51.593325,-1.793069,0,0,0,1,0,False,False,False,False,everyone,False,,False,3839731437,2.838,7.0,False,False,False,123.2,90.7,0,0,False,38178931,1,a3596677770,gy{yHte}I@ORIBENAHDJ?DAVUBY@AHd@l@`BPTVl@NRZp@f@l@HPHp@Pr@Tl@NR^r@Xx@^pBNXBB@CJPHZ@TDRFNRPFRB@@CPCTQNGZLF@LKh@IRKXYf@y@Xk@La@\aCHSDi@X}ANaAJmAVuBXcB?QZoAAcACQIkAKs@ASFWASFq@FmBCS_@_@Aa@f@aC\u@J[LuAFoAj@aETcC^gCTeA^gD`@aBTk@Z{A\s@\iAd@q@^cAT_@TyANa@f@]`@i@HWFGPINQVm@l@_AFYDsB?UPaG?{@OgCScCYaBGGGOEE{@KECkAIq@Ci@@a@Ii@CSGWAOHQn@Cf@MKGCOBIICQ_@i@y@i@QS_@W{@e@a@Ge@MQYMEUYKCOQMIUEU?UGo@I[UICo@As@Ly@CQFGLSzA_@h@[TCAG@a@\MBIHSHQ?QL[FGBS\ITU\QBOHQXQNIPODKPIDORU|@W\[t@ONWLY`@YXUHg@`@S\UFk@ZUFYNWJM@a@NORSD[Vg@RWB{@`@o@`AONUJQNMj@IF_@r@oAbCOPYf@AV@h@F`@MdBCLSZ?FOZ?HH\@ZIvAFl@G|@Dj@CR@dBGt@@z@GZAp@Db@FPRpALZHv@F`@DLGf@DN\jC?^CP@h@BPBCB@Hb@JhAAb@F`@@f@D^Vx@V\Zn@NF`@x@\vALt@JRn@d@NZDTA^FLPRf@ZZ^Zj@HJT^Pb@JNRRl@Tj@^PZNLH@BL^JJGLi@DG,2
18,2,Morning Run,5155.8,1622,1657,38.7,Run,0.0,3581635674,DC20D6AF-BA72-40A2-AC51-D5610C3CF1E2-activity.fit,3823913503.0,2020-06-08T08:26:25Z,2020-06-08T09:26:25Z,(GMT+00:00) Europe/London,3600.0,"[51.592925, -1.79295]","[51.593499, -1.793149]",,,,51.592925,-1.79295,0,0,0,1,0,False,False,False,False,everyone,False,,False,3823913503,3.179,7.2,False,False,False,123.2,90.7,0,0,False,38178931,1,a3581635674,wv{yH|d}I?A?BTa@Lg@@s@H]DGBB?l@Nl@FLPrALZLPb@jATpARb@@VEl@?XHr@|AnCr@jC?DEFAJHj@b@f@\NLARTNGLNJYPGLO\Kd@a@RK\AREFILCJMRQXy@^cC@[CYRq@BSPuA@e@N{@PuA@g@Ee@BSd@{AHOFY?e@Cq@O_A?SQiB?k@F}@@kAEc@Qa@BWHa@^q@FQZ]HSFo@TmAX}BHmAVmBJmAPgAXcCx@gEBo@r@qBF_@Ni@j@sAh@cA\kA\i@JWD[\aAj@q@LWJc@b@S~@oADKHq@@WWeCA_@B_DDcAAa@K}A?_@Iq@OgCSiASKa@EaAC{@@_ACi@@iAIG@g@j@CJ@p@K?e@WA[cAmAiAy@e@SQEMIUGm@]MMG@MGwAaASEi@EQIiAQ}@PK?UGO?IBCNBPCH_@l@Sj@MNKF?DILc@X[FMFK@GDQ?OLK@_@f@CDKHQXMHK@Ud@WTI@UVULILOb@CZSPCHAHEFw@f@IN[ZIPYRWXe@r@WDk@Zo@XQBq@b@QF[XMBk@`@_@F_A\_@l@{@n@OTGXQRCN]j@GRe@z@]d@UTEFAj@@v@EpBMb@MLGNIFCHCn@I\ErA@ZHh@SnAIR@x@E\FfAMb@@HAZ@Pb@jFTdANfAVjAFp@Jf@b@jBCdABnA?h@D~@ZbBLb@Hn@ThAHJBh@Xh@RLDVZZFT?LFJLFBAZTNBPC^HDBNZNNBXPf@\^\Vb@FPLXBNFd@b@V@LDV?XEP@NIFBZALGFO^],2
19,2,Morning Run,5140.2,1685,1762,35.2,Run,0.0,3566448863,A8819EC9-8C56-404C-B33B-FB8A3F867431-activity.fit,3807855576.0,2020-06-05T08:11:06Z,2020-06-05T09:11:06Z,(GMT+00:00) Europe/London,3600.0,"[51.593114, -1.792838]","[51.593401, -1.793251]",,,,51.593114,-1.792838,0,0,0,1,0,False,False,False,False,everyone,False,,False,3807855576,3.051,6.3,False,False,False,123.2,90.8,0,0,False,38178931,1,a3566448863,}w{yHfd}I?NDCDKGQGAABFLFABMBCh@WJ@@EHN@AHTRXVd@JVLNt@dBh@|@^z@FjAFPLPJ\FbCJt@Bh@H\?LDFLBTj@PVPLr@XVTRDREz@m@VAPGj@i@p@eAZ{@XwANg@CQ?MTkA`@wC?eAPmB?g@`@sAVq@D_@Cs@My@Ci@McACu@AGH_BFSKk@]g@@g@AIb@kAZmAJm@BeADSFqCP_AHWXwAHq@HuANeAd@uBPwA\gAPo@D_@`@cAr@_CDKVYr@}@X_AN]Jm@v@{@P_@VWHELo@LGL[\WHUZk@FYIsABkBJ_E?e@G}BQ{BC{@GSSiB[OWEg@?]Ci@?{AKg@Di@GOBUHUb@E^ABS?[UIe@KMaAw@yAy@y@[]SSGOOSJGS[g@QOi@GIEg@OSEUIWE[Ba@Hc@@[?]ICBKd@?d@Ib@OVk@v@OJM@KJMBOLYAM@UPWLC?ORGDS\IDUXMTGBUROFGNQNCFMHGL[`AONYf@a@XUVOFSXMH_@\UVMXg@PWVYNYBa@PIHYLODWVW@MFUTq@ZMBa@NWVe@j@YRILm@nA_@|@_@j@Sf@WTQVEN@h@CTBz@Aj@Yt@QNIh@C^?VELG|@Bh@TvADz@CXED@d@IbBBXFRBb@Lv@@VJbAH`@NhA?lACf@HfACBBj@CpAN|@JfBAp@In@@`AFr@BNVn@H\Zb@B`@Vx@J`AR\bAr@d@`ARTf@PH@l@A\D\PJLFRHj@LLJR\XPTLXNFRX^NVB\Jn@@`@HFEZm@^e@,2
20,2,Morning Run,5000.0,1800,1800,0.0,Run,,3551316560,,,2020-06-02T08:23:27Z,2020-06-02T09:23:27Z,(GMT+00:00) Europe/London,3600.0,,,,,,,,0,0,0,1,0,False,False,True,False,everyone,False,,,,2.778,0.0,False,False,False,,,0,0,False,38178931,1,a3551316560,,2
21,2,Morning Run,5117.2,1782,1830,35.8,Run,0.0,3524295751,4C1786B0-4D7E-4BA2-9A86-DFDF4387BAF4-activity.fit,3763237178.0,2020-05-28T08:13:17Z,2020-05-28T09:13:17Z,(GMT+00:00) Europe/London,3600.0,"[51.593203, -1.792905]","[51.59339, -1.793095]",,,,51.593203,-1.792905,0,0,0,1,0,False,False,False,False,everyone,False,,False,3763237178,2.872,6.0,False,False,False,122.6,90.6,0,0,False,38178931,1,a3524295751,ox{yHtd}IBDBCDECEFC@@@EBC@GHCHUF?HEHK@LARFv@LZNZBH?LD@BJARPj@Fj@Jp@D@DABHD?DBV`@H`AVVV^L~@l@`Cr@n@BDBj@HCB@PCD@LRd@VLDTLf@Z^\^BLEXWRUh@cAN_@@YAIPa@V{ADa@RSVs@FUFi@d@}ATuALe@ZoCLm@JQHc@B[?W_@eDAYM_AHgB?WKo@We@?k@D]n@wAZaALi@?i@BYAi@PsDJu@P_CP{@JWLcATy@Fa@Tu@F_@FQ?a@F]^iAV_@Ps@Do@h@oALa@r@qA^aATa@D[FOPUJODADOJOFG`@SLSPOh@qADOFEZg@F[Bc@AeAI}@BoABe@FsBAkBE[E{@M_BKc@Iw@Me@OYSK{ACQE]AQEiABSEUBa@GE@SV[h@G^C@EAKCWUEIASGQQYwAgAMEUOMCUO]Io@[KCGKm@UUEw@i@]GY?YIUQc@IY?WHs@MQFQ~@_@r@EVITSJAAE@MHIJUJ]Xu@PORUF]XOXa@j@QNUHMHg@`A[\KZMVMX[l@w@p@u@h@_@^W^EBiAXYLcAZa@Hc@ZQR]Pa@H[PMBULw@lAKJIDIFQl@a@l@e@z@S\OLM`@Wf@ELGbAAtBGPUVKVKd@AXDj@Ih@?^Bp@Rv@Fx@Ad@Fh@KjANT?r@Ep@Hd@?THn@@\CN?l@Fh@?TFh@?PN\A`AGf@Df@@n@DJDj@NPV`@A^FXDb@B`@?|@D^Bd@Xl@Nb@Dd@DLFd@?`@F^@n@Bb@Rb@VDJANJPVLd@Zp@DBNAFBRLn@FNHNLLXFTDj@DPT`@b@\^DhAh@N?NJPAp@WZ@LGL]Z]RO,2
22,2,Morning Run,5099.4,1756,1817,36.2,Run,0.0,3507873145,9C4E1A89-A529-49C3-9B0C-DC196BE43807-activity.fit,3745958900.0,2020-05-25T08:28:39Z,2020-05-25T09:28:39Z,(GMT+00:00) Europe/London,3600.0,"[51.593113, -1.793037]","[51.59333, -1.793121]",,,,51.593113,-1.793037,0,0,0,1,0,False,False,False,False,everyone,False,,False,3745958900,2.904,7.1,False,False,False,123.2,90.9,0,0,False,38178931,1,a3507873145,}w{yHne}IBBCFC??DFGB@JQPI\ERKH@GVED?Vj@nBH\HFR\JTRFNNNJd@l@Vx@v@fBD|@Lx@FRJB@FHp@DJLf@P@fAh@f@f@JP@HF?PKl@o@TMTc@NINS`@w@Ro@P_ARyAF[@SCWb@cBJkAP}@F_ALQFm@PeANa@Hc@@[Co@SgCKm@A]PwB?a@GWa@g@?e@Jm@TaAx@eBBa@DcCJgBFs@H[L{@JqAXs@j@qCJ{@T_Bd@aCNe@PmAX_B@GLOZOTQLO^eAVWT_@L]BQRINSNe@DINIl@kAFILEJML[`@a@LU@K@s@A_BDgA@{AA_BIy@?m@SqDOs@QcBGSKMYMaAMKAIDK@c@CUEe@@_@Cq@B[GMAKFKl@Uh@KDSCUKAk@KOm@i@sAy@w@a@e@M_@Yk@YMKsAe@OGKAg@Mi@Wo@@]HUCOKYECBGf@i@pAKh@MLSBOLEFYLILGBWFY?YNMBa@XGHM`@KJEL]XEFSLyAtBg@lA_B|ASZa@VKHILWPUJ]FUNi@T[BYLaAd@OLQJg@Lc@XSFIFWd@aAdAKXKd@INi@v@Yh@w@jAEPGp@E~BE\e@l@CPGNAVB`@MlABd@F`@Ab@?bABLBBF\?ND`@@t@Lh@C|AF^?HBFDd@LVJz@?ZCNJzA?bABHAn@FV@VCN@LFf@DFBTJVNj@Df@@z@GnATlBl@nBDX?VD\R~@JX?\L\NBBFJ?DDHBLJP\@^RTDBLCTVLD^HLARBFHDLLn@b@x@\Zl@Zb@NXVLAJBHJFATGXO^GN@J[FGZM\Q,2
23,2,Morning Run,4984.1,1905,1905,35.5,Run,0.0,3492302392,FA69E8EE-78C0-4AAE-98AE-5A2823588713-activity.fit,3729403637.0,2020-05-22T08:41:21Z,2020-05-22T09:41:21Z,(GMT+00:00) Europe/London,3600.0,"[51.593139, -1.793127]","[51.593726, -1.793418]",,,,51.593139,-1.793127,0,0,0,1,0,False,False,False,False,everyone,False,,False,3729403637,2.616,5.6,False,False,False,123.2,91.0,0,0,False,38178931,1,a3492302392,ax{yH`f}IE[Q_A@X@_A\pC\x@GPKDAC?IV[LcADCF?JCD@@E@?It@Db@DHd@`Aj@z@JFf@Dj@VDPFlAJj@fAvAL`@LJPVDTJNFPDf@JVJJFV@?NSF@DBFRPZD^NRPJJRPAp@g@d@q@f@aANc@^wAb@cC?YB]DOXmBBa@XwBDsA`AiC@YKw@Cs@YiCFk@C[HcAEi@EKQODi@V_At@gBR_@BOPMZu@XyAPyB@oAPeDHYHm@JgAR{@@g@XuALqAX}@R_ATe@Li@LWRS\k@@MFKDQ?UCC@QZkALUBIRQP@TKv@eATy@JUF_@LGHSJI\cACgCDsANoA@eAGgEQy@M}AS}AEUO[_@Ka@@e@Gw@Ca@@m@Ik@BSCu@AED]`AED[DUOKQBEIUKMoA_Ay@e@_@Yy@a@WIKKMEMIu@UUKQMQAc@Go@WeAAa@Dq@CGN?^Il@?Z{@l@YCSLa@J[TYFa@ZMD_@^S^MN]Ta@f@GBIROJOXMLK^u@rA}@`AQVkAhAQVKFsBf@WJI?i@\MDUPWLIFSDqAf@WRwAjB_@~@Wf@SVWh@s@fAUh@CXBf@AvBAJg@r@IREZ@\GZAr@@VFb@Jb@Df@F`@Ah@BXADB`BDX@h@Kf@Jn@Bz@XjB?f@Hh@FT?t@BjAH~AXdAPd@CJFh@ATDXAh@G^?HNt@@TJ`@Df@NVHt@DvAR|@Fz@LRn@^Xd@Df@FPNHJJR?TBTGL@TD\VVJHL^~@Zb@l@\RF\XVVFBDEXF\SHCj@Y,2
24,2,Morning Run,5239.6,2302,2756,35.8,Run,0.0,3314832305,AD8F4469-3974-4D73-A38F-14CF8C9F20BA-activity.fit,3543038655.0,2020-04-18T08:01:10Z,2020-04-18T09:01:10Z,(GMT+00:00) Europe/London,3600.0,"[51.593202, -1.792609]","[51.593473, -1.793323]",,,,51.593202,-1.792609,0,0,0,1,0,False,False,False,False,everyone,False,,False,3543038655,2.276,4.9,False,False,False,122.6,90.7,0,0,False,38178931,1,a3314832305,ox{yHxb}IhAv@BFCGANDJDFDJ@XFHJ^HLVTf@z@X\LF^NTDR@XLHHFf@Nh@n@xAJ^^x@J\NjAFTAf@?ABARd@V\p@d@HLD@FRJAXWNSLYt@w@f@o@HSFe@Zi@XiAB}@\gBDe@?a@f@_D?a@Ce@BO\}@P_@DSBg@IwBO_BOy@Jm@Fm@GaACQCGKGCILYFc@VaAj@cBLaAJ]FQLe@Xy@\wARe@D_DL{@Bq@XaARgANg@LcBVs@Xm@Z{ANi@Ri@b@c@VSVo@R[BMFOAU@IXk@V{@Vq@XiB|@}AXw@@WKkACgBHmADoC?}AIu@CgAMcACs@UsAIWIIYEqBCKCc@De@?m@G_@@c@KIFk@nAE@MAQQGCAQQ[CIo@q@[YaAa@MKE@c@OOKSEMKE?GEIKQGOOKEWEMMYKOIYCU?UJIJWB_@b@IDILULI?YFQCM@]AYTI@OHUHg@`@g@HKHa@JSLK@KFQRK^WXQLUXIB[^E@OPG@Yr@OPGLWx@a@f@IN}@x@I@IFMLMX[PQZW@MH[FOHWBGFSFk@^OB]PKNI?QPKDSNK?OHM@MHg@L[r@WVKBEHMHIj@]n@a@\g@rAW`@IFYl@@l@D\CbBEVMZMTG@EH?^CNAN@TE`@BdBDbADV?VF^Ap@DPCbAF\@pAFZF^AX@v@HnA?t@h@nC?rBLj@JLTbB?zAAt@Nv@Bl@@HTj@BXJLR`@Pj@JRFBRXFXDj@TTDAVBLNPF\p@DP?`@BFZINFPANFDARHLPTt@PRNf@^?RHn@n@ZJFLF@XG^QL?BANBRCNKF@@GFCHHBNZNf@WCNGB@ABDJMUe@FVLE?M?FCGADCf@NNAOB?EIIA?BH?BCNEQFB@U]E@DI@FGCA@Ma@OTC^E??LEBF@EG[CECE@BAFF,2
25,2,Morning Run,5535.8,1926,2233,49.7,Run,0.0,3270149479,F058A1A4-445F-4B46-9989-DE1C2E1E7F46-activity.fit,3495934517.0,2020-04-08T09:14:27Z,2020-04-08T10:14:27Z,(GMT+00:00) Europe/London,3600.0,"[51.593279, -1.792963]","[51.599816, -1.795729]",,,,51.593279,-1.792963,0,0,0,1,0,False,False,False,False,everyone,False,,False,3495934517,2.874,7.1,False,False,False,132.2,90.7,0,0,False,38178931,1,a3270149479,}x{yH`e}IFO@@FOBBD?NOPIPQJ?BCBNN`@JDL\VTDRFBVZVt@Zr@dA`ALfABHLNx@lCN^NXRv@P`ALRXHB?@CAn@@HDFXJDDDNAPDBPKjA_@X]RSZc@`@s@Z}@\kC@g@Ri@ZoA@m@TkBF{@?{@f@cBHMJYB[CS@UEQC_Aa@cDAMJ{AEw@CIMMAAC@`@eAFWn@gAPe@NgBIeA@MB{BFw@Fc@J{A\eCr@uDDa@LYHc@^_AXsAd@}Ad@aA|@sANg@Va@Bm@FK?ILEt@g@FKH_@^i@NYLMP]LM\}@LSJa@@k@MyCCSFo@BgAJyBMyC?o@KoAGSMcAM_@OSIGYAi@@aAEY@OAS@OCs@AKCs@EE@ORQd@GZCBK@OGUSCg@COGIEEYG}@k@m@[[UuAo@QQG@CEGCSEiAe@eAOs@QYKSEQFq@Da@CIDAHFZEf@I`@SXYPC?IFSDKLUNc@Hg@^K@YPI?ONGB]p@KBSNQXYXKNMJGR[^M^GFw@~Aw@t@c@V[Tw@|@o@?YDk@`@QFSNq@\e@\o@ZkA\W^aA`AOVGTKLSf@c@~@m@bA[\GNGd@?l@Df@?b@C`@OZe@b@i@pBc@|@GTa@bAc@lAi@fAQRSHy@Pe@NKJEL?v@FVP^D\Rn@BR?^GNM~@G\]`@OL]h@AJDb@Ah@DdBIv@o@rCKdFMjBWt@OT[TC??@DMCO?k@G[IQI?SLCFMnAOf@g@x@G@IFGCI?GHEXAZD~ACFEVQZALKxA@x@GROX?LA@CVKP[vABFJBLH?DJH?FRNFPp@v@Ll@?b@LT@h@Ah@Sl@@HG@EPIZ@FB?@E@BDC@LFDX@PH`@CRUTKVCt@i@PEl@q@`@W,2
26,2,Morning Run,10367.8,3441,3619,70.7,Run,0.0,3257214179,B43FA105-16AE-41D0-8A3C-826504EC189C-activity.fit,3482026845.0,2020-04-05T08:56:56Z,2020-04-05T09:56:56Z,(GMT+00:00) Europe/London,3600.0,"[51.593085, -1.792874]","[51.593995, -1.793456]",,,,51.593085,-1.792874,1,0,0,1,0,False,False,False,False,everyone,False,,False,3482026845,3.013,5.8,False,False,False,132.3,87.7,0,0,False,38178931,1,a3257214179,ww{yHnd}IBBMEFLFCT[ZBXVDTn@dAlA|Ah@Zj@F`@VL^?h@H`@r@vAn@dBb@xCLTBX`Al@LXBXl@]~@oAb@}@TuA^eBNsALe@PuAAi@Z{CXu@Ji@HKJs@TgAOoCQwARsBCi@Mm@UUCKh@_ARo@Vc@\[DYZm@NoBFwCNYB]CmANeCHu@XkAFw@b@yC~@eD\kBZk@p@kBRWXk@z@wBj@q@Zo@l@o@N]NORo@Bc@CSAuBLsBFcEO{Bg@qDAo@K_@YMaAKeGSs@xAAPA@q@e@Ig@IOaByAyB_Am@a@oCgAsAa@_@CuARk@Kk@r@k@`@g@l@KTY^O^[Vi@LWZSf@e@\e@l@y@l@Y^Id@o@tAq@t@wBnByAn@y@PiAt@SBsAf@s@`@aAjAi@d@mAzCuAdCCh@B^CZBb@Iv@_A|AUx@o@pAkB~Eg@^yA\QPDb@Rf@BT@hAHjAc@`BcAnB@XJ|@@bAKv@g@lBG^EhANrCa@zCu@~ACn@S`@A[CD?GBS@m@GaAQUO?CDKv@MZUPa@jA_@RErBEp@[t@Kl@AhB_@rISv@g@bAq@NeBq@e@a@k@tCOnB@fBEP@pA_@dE?h@Ov@A\Cj@DzAIXC^@z@MfDc@~DKb@IDFJ@PQpEEN?ZGRKdCGLM`ADnBIZY\Qd@e@zDBNFHx@r@`AX^d@TR\l@dAn@l@p@h@fADt@PFTj@b@j@Vt@lAdAf@r@fAlDZj@l@vBCdAFlAQ~CA~@T~BG`A?fAPrACpADl@E`@FlAOzAG~B^fEZfACNDDJb@bC[`Bc@X_@z@_@PWZSdA]rAQH[@wBHaABQPWLuBNKR_@ZwDH}BBcDC_AJu@GeAT_CAu@DiA\aBJiALc@\o@zAsB|@gCb@_Al@aAn@iCPiAJW?KUw@a@i@mB[a@SAmASq@H_@AYJq@AQWiAa@eAKi@Us@SqAWo@@e@DOKcADkAU}@MeANaHV_CHUKa@J}AKuCJkAjA\Le@Es@]eAy@oAIe@CaDWsBI_B?_FMa@@SKw@@m@SkBZJX?TO^m@B_AZuAAM]YWs@?UVg@Aa@DEn@lARpAj@RXZb@p@Hj@h@`@b@DZ~@`AxBL@^ZJ^VBp@Wb@?b@K,2
27,2,Morning Run,10681.9,3599,3829,79.3,Run,0.0,3241417626,E21CBBFB-72E2-434A-AA03-CA3FA04A419D-activity.fit,3465226966.0,2020-04-01T08:53:59Z,2020-04-01T09:53:59Z,(GMT+00:00) Europe/London,3600.0,"[51.593093, -1.792792]","[51.593515, -1.793137]",,,,51.593093,-1.792792,0,0,0,1,0,False,False,False,False,everyone,False,,False,3465226966,2.968,6.0,False,False,False,137.9,87.7,0,0,False,38178931,1,a3241417626,yw{yH~c}ILF?J@ITAX]FXj@p@b@X^d@z@x@jBbCNXNhA\r@p@|CDjBLbAJMXb@`An@d@f@L?TYPk@z@_BT}@XmBZ_B@{@|@qGfAuFAk@Iq@@e@WqBDeDGe@WWAKXaAJM\wAf@}@J]D{BPuDNgAFeANm@NkBlAaHl@{Ar@oChAqCPq@Xo@PQPe@VMN[TMtAiBVy@`@aAAaECANgD@cBa@oGW{BGUKO_@OwC@wCMW^[z@MBQESSQ}@UYcDkB}Am@qAu@}Bq@sBLk@EKnAo@bAo@Xi@h@q@N{@`@_@b@MZWTSJa@j@URCJm@l@Qb@W\Yj@gAv@gBzBkBx@cBh@qDbB_BvBKb@QPiAzBaAdBEd@BT@p@K~Ay@nA_@rAm@dByAjD]^gB\QVJb@PvABlAGdAINQlAc@l@]z@JzCIp@o@pDWtHWlAg@dAEr@GV@a@DODs@?a@Ea@Mg@EBQ`@_@j@M`@iAtAOFOlDOPUl@?t@Fz@Af@Yb@O`AMd@QJu@GGFOd@ML]A_@WYBc@oAOm@GGQBOXSr@O`Am@B?PDHdAvA`@|@BRs@pCMz@Bt@`@|CWtEJrCK~@[nAEfC@X[nEYnCODHPBr@CL@b@Mh@KtA[dA?dCKz@AdBK^_AxASrC@NTV|@\JN^HbBpAZ^n@`@b@pAP\b@h@\hAt@r@l@pA\T`@f@Xn@Nr@Fb@EZ@`AR~BP|@CzAN|@`@x@FxDLrAExDFl@BbBF|@@tACPMPQr@Kv@Yx@VfCx@`BTjANPl@ArAq@|@Kz@[bAk@v@u@fCs@n@a@@m@IkADgALcAFUFy@P[TgAPwDF}EHs@ByDFiA\aBf@{@Nw@t@aBBS`@yA\c@h@wAb@oBZ{@TaBtA{EAOq@cAo@AeAUSGCIIg@C{@Ia@BKCYFu@Ey@YuA]q@a@wA[uBU_AHWIiAHiAU}@EeBP}HD_@X}@AUGOFqAGcD@cAfALHWBYOaAcA_BAy@Gc@CaBq@qJ?k@D[M}CBg@I}@EqBKi@M{BEaDCKDHZCl@m@r@d@^f@x@`CD~@DHNNT?XJ`@`ALj@VNh@BXNLLh@xAn@\hAxAjAOXQr@ORULB,2
28,2,Morning Run,5044.0,1662,1733,36.9,Run,0.0,3212273218,71D9D5AF-F771-49F1-B0E1-BF2BAE3153D0-activity.fit,3434218305.0,2020-03-24T09:13:22Z,2020-03-24T09:13:22Z,(GMT+00:00) Europe/London,0.0,"[51.593038, -1.792818]","[51.593434, -1.793118]",,,,51.593038,-1.792818,0,0,0,1,0,False,False,False,False,everyone,False,,False,3434218305,3.035,5.7,False,False,False,122.9,90.7,0,0,False,38178931,1,a3212273218,mw{yHbd}IP`@@ASC@CEDB@ADGS@A?BAAADCABEHBRIBGJALUZJHHZp@r@fA`@XNVn@l@RVv@b@FJNb@Ff@DP\|@ZbAD^Lj@XjD@AD@L\V\v@f@\^PWJULMPk@P[JYTg@NeAJ]H{@R{A@_@NWZeBAUDm@Jw@No@Dy@Hi@XeAZy@B_ACkAUcBAWXqA@k@AUUa@C_@TkANgAPg@P_@PM@[Ci@E{AFwBPqAAgAFSDe@@i@Lo@NoALiBTu@Fc@HSBi@ZqARaAPg@Nq@NYLc@DE^qAn@aARSL[PSDYXk@Z_@JWLITWJa@NUPORYTa@PcAXiARsAFy@@{@Fm@As@@{@O_CKoCMi@AOISiAc@_AMeAIqA?y@IU@EBQPa@t@EFGBMG_@_@A]CIKMoAgA_Bw@m@M]UKK_@MQQk@[OEw@ISI[U[EYAYHSCQ@UGS?U^Id@Gj@OTCRGJ[HKHM@e@`@WDQHQNQ@UNKBGFI@m@dAUPMROFCJKLMJIL[V]r@Wb@M`@q@n@]VGLMJKRIBOJ[`@OJe@Ns@ZWDe@Rm@XQPw@V}@d@m@LMFQv@WTSJSXOf@MLKVi@v@Yn@Y\S`@ONCN?`AIjCCLS`@OJAFCt@DX?TGh@?XHvAF^@`@HT?\FXDvAInC@|@J~@Lr@Fn@@b@Hl@@XNrA@h@Ht@Hb@Dn@HvAFl@?|@DjBHd@Rj@DXDFXPXjAd@p@Fp@RRb@XXLXb@Ft@LPTFNC^Lj@p@p@l@l@t@TRn@\^^XDl@K`@MHAHUX[,2
29,2,Morning Run,21407.3,7085,8184,144.9,Run,0.0,3185305618,B698B996-9F91-4EC6-866A-DE132B9DB152-activity.fit,3405178692.0,2020-03-15T10:06:13Z,2020-03-15T10:06:13Z,(GMT+00:00) Europe/London,0.0,"[51.593227, -1.792729]","[51.593387, -1.793375]",,,,51.593227,-1.792729,3,0,0,1,0,False,False,False,False,everyone,False,,False,3405178692,3.021,6.6,False,False,False,135.5,85.4,0,0,False,38178931,1,a3185305618,sx{yHpc}IL`@fAw@~CxEhCvBPvAj@~@^`BL`DXbA|BoEdDyO\kEFkGPyAhDiJZoH|ByP~@_D|BoEr@eCvBuAJo@fBoDUkELuGOgEc@_Eg@UyHOkArA]YU_AuHkEuEmAiCLUzBiE|BiAzAiBlAkBpDgCvBSn@sKnEwAhBm@`BcC|DIlEw@nAoDjJ]h@qBl@VnBFlCc@fBcAdBHjEw@`EWlIy@|ASxAIe@N_BUu@a@AEvAcBvBCxBm@`BB`C]|GW`Bg@dAu@`@wAw@}@CqAxDEpA\dDK~HOxD_BpNN~AQf@KpBc@tAFvAWlAC~BKh@i@XYvCXvApAd@`CnCbA\lBjD^nA`Al@XhAhAxAlBdILxAMvIRvCE|Sd@|Fr@LKLdBbHLtBKfF@vAm@z@[fA?n@r@zD`CvFJp@t@v@rBXdAa@j@wAIq@V@fA_Ar@}APyAGqBh@mAh@W`BZ\Sj@_AZsAt@cAHiC]iIyDeSi@gAWoAQYeAK{@\sBJw@GSeAT[EuAYaA`@kASs@m@I]u@kBXy@q@GeBTkSrAqVEeBZ_H?yLL{C]qAs@}GmDeP[eDoBCY|Ah@pD`@~A|EdO^xAIn@{Ah@}A]B\aB^yIt@wAh@kAF{@g@UPHL`@cA`@wCp@uKCkEVwC_@aE?yArAkD`@C|@pBvAc@pAiBZaCCiEr@gEDgDZYvBsE^eBGk@uAqCOoFFq@~@{Bj@yH`@kBUc@}@YHkAa@eCAqDL_@SiB^sDhB{CtFsElDq@fCXd@]dDa@fE}AlA{@F`@pBc@PTXs@Ki@\uAdAqAxCkGhBkB~CeBjCq@xD@~JfEhAfAbAzClA}CdJNx@nFAbLT~BeDxGC\gAhAkDhIsAxEmBlLWjC{@bDQtD_@j@KbAL|COrAt@dHu@vFg@|AUxCONYnC]lAMzBi@hAShAyBlIOH~@cDo@}@o@]~Al@xBcFx@eFFkBl@cC^qFfAsCk@aHJ_Cw@_BDn@eAbEq@bFc@|ASfCc@tA[xBm@vJqBlEYnANLwAN]q@a@IkE\[nAd@v@sA`G}@p@q@AWvBk@`AuCa@u@lEa@\{AyCuAgEa@_CImCe@}A_CqEs@iN?_DcAiO@sDpBYlAbC`@~BpAv@^r@?d@~C^h@|BdBdBnFIr@Mf@w@j@p@Pv@}AqCaArAg@R,2
